MPJPE,Accel
41.2635756375912,5.001856419413496
