MPJPE,Accel
146.27264435010818,381.3940611934356
